Date,portfolio_returns
2015-01-02,-0.0011971284376364
2015-01-05,-0.0169264127987112
2015-01-06,-0.010760390220961
2015-01-07,0.0117064585837202
2015-01-08,0.017693909357957
2015-01-09,-0.0083881295439269
2015-01-12,-0.0073398197879458
2015-01-13,-0.0016996507424303
2015-01-14,-0.000378920385163
2015-01-15,0.0018596958942313
2015-01-16,0.0081312676361418
2015-01-20,-0.0047608790113674
2015-01-21,0.0043478711968079
2015-01-22,0.0109411349570049
2015-01-23,-0.0051865374434736
2015-01-26,0.0020512138894286
2015-01-27,-0.0040659542636042
2015-01-28,-0.0091465571783699
2015-01-29,0.0039437486323309
2015-01-30,-0.0140550992579415
2015-02-02,0.010829012572555
2015-02-03,0.0088153625877918
2015-02-04,-0.0058872676252255
2015-02-05,0.0107846850205921
2015-02-06,-0.0136630622532314
2015-02-09,-0.0030692359814308
2015-02-10,0.0071598547391944
2015-02-11,-0.0020210373990247
2015-02-12,0.0037318956584596
2015-02-13,0.000338384349956
2015-02-17,-0.0006579097372514
2015-02-18,0.0035480141724788
2015-02-19,-0.0078378670916145
2015-02-20,0.0062807772537067
2015-02-23,0.0025461188806574
2015-02-24,-0.0013473126886419
2015-02-25,-0.0010503481317392
2015-02-26,-0.003360098198735
2015-02-27,0.0029025094347178
2015-03-02,-0.0011222027265002
2015-03-03,-0.0013169678927132
2015-03-04,-0.0065672913508054
2015-03-05,0.0024429571968742
2015-03-06,-0.0188153104719139
2015-03-09,0.0055603471188678
2015-03-10,-0.0086071927086439
2015-03-11,-0.002441304397074
2015-03-12,0.0113276364326086
2015-03-13,-0.0064893399012263
2015-03-16,0.0106617223716949
2015-03-17,-0.0032154308595415
2015-03-18,0.0150367431344077
2015-03-19,-0.0071142206380331
2015-03-20,0.0126107943153226
2015-03-23,0.0030962979776016
2015-03-24,-0.0070483808271897
2015-03-25,-0.0081000876117149
2015-03-26,-0.004655365154998
2015-03-27,0.0004399169709524
2015-03-30,0.0112821277656252
2015-03-31,-0.0038786558788965
2015-04-01,-0.0006065098667261
2015-04-02,0.0041937379123513
2015-04-06,0.0090508011984888
2015-04-07,-0.0057809209297592
2015-04-08,0.0002758181784821
2015-04-09,-0.0027157292054227
2015-04-10,0.0019554973549656
2015-04-13,-0.007713965711151
2015-04-14,0.0040315037764063
2015-04-15,0.0087016267799078
2015-04-16,-0.0017461654871957
2015-04-17,-0.0119444807699868
2015-04-20,0.0074985215550882
2015-04-21,-0.0032544698068701
2015-04-22,0.003986258984197
2015-04-23,0.0044350293185231
2015-04-24,-0.0010003445406245
2015-04-27,-0.0038786012817382
2015-04-28,0.0026955210813153
2015-04-29,-0.0042976058405628
2015-04-30,-0.0079694885782535
2015-05-01,0.0092766089144035
2015-05-04,0.0029828054477804
2015-05-05,-0.0109333644353506
2015-05-06,-0.002952462953565
2015-05-07,0.0025445852701203
2015-05-08,0.0107006562058528
2015-05-11,-0.0027924510519346
2015-05-12,-0.003641478531011
2015-05-13,0.0008124353027157
2015-05-14,0.0083588650817136
2015-05-15,0.001428006091487
2015-05-18,0.0031622127235819
2015-05-19,-0.004529764308827
2015-05-20,0.0003094493118175
2015-05-21,0.0021583328499259
2015-05-22,-0.0014099366073463
2015-05-26,-0.0136865596272509
2015-05-27,0.0079347318477107
2015-05-28,-0.0012482026939956
2015-05-29,-0.0062063354021556
2015-06-01,0.0008945392616986
2015-06-02,0.0025737080867787
2015-06-03,0.0002824585907848
2015-06-04,-0.0081724179579356
2015-06-05,0.0008253194186804
2015-06-08,-0.0073534430295054
2015-06-09,-0.0008482145108984
2015-06-10,0.011135987816102
2015-06-11,0.0027164792897262
2015-06-12,-0.0057092763079799
2015-06-15,-0.0056766550725386
2015-06-16,0.0048137930011273
2015-06-17,0.0024829776887475
2015-06-18,0.0081533909263816
2015-06-19,-0.0040224284762591
2015-06-22,0.0042408510109127
2015-06-23,0.0006834061366566
2015-06-24,-0.0078998188058805
2015-06-25,-0.0046608437221858
2015-06-26,0.0009745774239753
2015-06-29,-0.022144109089852
2015-06-30,0.0018295141045925
2015-07-01,0.0040803282672718
2015-07-02,-0.0013855562700199
2015-07-06,-0.006354532571495
2015-07-07,0.0065702192950568
2015-07-08,-0.0182292067345691
2015-07-09,0.0030623606371592
2015-07-10,0.0090110623675665
2015-07-13,0.01115504637758
2015-07-14,0.0042125116225076
2015-07-15,-0.0047640725688585
2015-07-16,0.0053998223779172
2015-07-17,-0.0050745119357521
2015-07-20,-0.0029534923680087
2015-07-21,-0.0031575169778324
2015-07-22,0.0003288506991232
2015-07-23,-0.0045894352892077
2015-07-24,-0.0107775060311217
2015-07-27,-0.0077795876573124
2015-07-28,0.012868909313095
2015-07-29,0.0094163571933929
2015-07-30,0.0014825219836771
2015-07-31,0.0003913685724943
2015-08-03,-0.0042197650399664
2015-08-04,-0.0006774675464183
2015-08-05,0.0045292748539671
2015-08-06,-0.0058699367763286
2015-08-07,-0.0030732878954249
2015-08-10,0.0140131855167635
2015-08-11,-0.0088484697605127
2015-08-12,0.0004540816774314
2015-08-13,-0.0012703388976452
2015-08-14,0.0050337561868934
2015-08-17,0.0062388273395328
2015-08-18,-0.0044753147191246
2015-08-19,-0.0085261588440849
2015-08-20,-0.0223474429926495
2015-08-21,-0.0265785238294864
2015-08-24,-0.0406045756682652
2015-08-25,-0.0125053698857647
2015-08-26,0.030102748531464
2015-08-27,0.026644558981785
2015-08-28,0.003361047275585
2015-08-31,-0.0067540134080911
2015-09-01,-0.0293638134352308
2015-09-02,0.0158803375955895
2015-09-03,0.0037907406442089
2015-09-04,-0.0147875004220484
2015-09-08,0.0246445334593879
2015-09-09,-0.0122731524078897
2015-09-10,0.0024502596184276
2015-09-11,0.0040505523636323
2015-09-14,-0.0050397695564624
2015-09-15,0.012524418137609
2015-09-16,0.0108608400804082
2015-09-17,-0.0014078696559609
2015-09-18,-0.0170554624682934
2015-09-21,0.0028519752310458
2015-09-22,-0.0154466963957048
2015-09-23,-0.0044121321301226
2015-09-24,-0.0034015570742572
2015-09-25,-0.0001765533582619
2015-09-28,-0.0283967051915416
2015-09-29,0.0004661753299475
2015-09-30,0.017764035506904
2015-10-01,-0.0010782484168229
2015-10-02,0.0161991406356071
2015-10-05,0.0212203909825674
2015-10-06,-0.0030706338630646
2015-10-07,0.0108961030843099
2015-10-08,0.0110828395320235
2015-10-09,-0.0002496997381775
2015-10-12,-0.0008973678418774
2015-10-13,-0.0087380676865911
2015-10-14,-0.004240099087775
2015-10-15,0.0128004415132822
2015-10-16,0.000311665204308
2015-10-19,-0.0013472887516107
2015-10-20,-2.033204004323497e-05
2015-10-21,-0.0084611858803385
2015-10-22,0.0128904177471546
2015-10-23,0.0049407599860414
2015-10-26,-0.0033942851596756
2015-10-27,-0.0081213918037695
2015-10-28,0.0142766482655646
2015-10-29,-0.0017514715692682
2015-10-30,0.0001398038036998
2015-11-02,0.0146592357481777
2015-11-03,0.0026477396538828
2015-11-04,-0.003790339938408
2015-11-05,-0.0014974277304464
2015-11-06,-0.0005170846608107
2015-11-09,-0.0109357230639687
2015-11-10,0.0023474453942651
2015-11-11,-0.0062326965414807
2015-11-12,-0.0168598946243465
2015-11-13,-0.0100035300951438
2015-11-16,0.0140558628031212
2015-11-17,-0.0039373460914663
2015-11-18,0.0163591221805031
2015-11-19,-0.0020301728945422
2015-11-20,0.003673733930111
2015-11-23,0.0002407775562299
2015-11-24,0.0043988038151841
2015-11-25,0.001403419750061
2015-11-27,0.0005382203978
2015-11-30,-0.0030381725035994
2015-12-01,0.0092761492679525
2015-12-02,-0.0126447068119242
2015-12-03,-0.0148461105525188
2015-12-04,0.0142683371620714
2015-12-07,-0.0100869956385625
2015-12-08,-0.0085631339091974
2015-12-09,-0.0069745485999918
2015-12-10,0.0023406877094488
2015-12-11,-0.0205057306388
2015-12-14,-0.0025437530138635
2015-12-15,0.0113178727171483
2015-12-16,0.0143928288357722
2015-12-17,-0.0157391840658687
2015-12-18,-0.0144936362704192
2015-12-21,0.0079540559633916
2015-12-22,0.0110160340961784
2015-12-23,0.0162130818875883
2015-12-24,-0.0001360085721698
2015-12-28,-0.0040309817042435
2015-12-29,0.0095093418546358
2015-12-30,-0.0082798713880901
2015-12-31,-0.0079115616470521
2016-01-04,-0.0130358391409527
2016-01-05,0.0012059546982649
2016-01-06,-0.0177247570508587
2016-01-07,-0.0254102725625178
2016-01-08,-0.0124947833295943
2016-01-11,-0.0047935007303174
2016-01-12,0.0037991397374415
2016-01-13,0.0018622431872758
2016-01-14,-0.0054586047880906
2016-01-15,-0.0060359685400765
2016-01-19,0.0073596739850633
2016-01-20,-0.0133187663261298
2016-01-21,0.0008365720578526
2016-01-22,0.0168877366721876
2016-01-25,-0.0063687589922112
2016-01-26,0.0120208283505555
2016-01-27,-0.0022769942684626
2016-01-28,0.0063793192993315
2016-01-29,0.0124642129148436
2016-02-01,0.0050277003369623
2016-02-02,0.0011907254356572
2016-02-03,0.0034242148820374
2016-02-04,-0.009219014882581
2016-02-05,-0.000960867559932
2016-02-08,0.0025271835931185
2016-02-09,-9.136927947881032e-05
2016-02-10,0.0020946765203891
2016-02-11,-0.0076925808851713
2016-02-12,0.003133470344488
2016-02-16,0.0037922075227814
2016-02-17,-0.0008456578013461
2016-02-18,0.0092133409589373
2016-02-19,0.0009375477898245
2016-02-22,0.0021385279592563
2016-02-23,0.0031374358365951
2016-02-24,0.0047077880332822
2016-02-25,0.0121980271351555
2016-02-26,-0.0104484667726889
2016-02-29,-0.0063386320753111
2016-03-01,0.0075889236239768
2016-03-02,-0.001793316983935
2016-03-03,5.229284804826606e-05
2016-03-04,0.0053820499149208
2016-03-07,0.0021647656944313
2016-03-08,0.0092541168671351
2016-03-09,0.0032518618354689
2016-03-10,0.0061031786331871
2016-03-11,0.0095523221418897
2016-03-14,-0.0022269714067942
2016-03-15,0.0018573495357022
2016-03-16,0.0044314973809524
2016-03-17,-0.0035456966521396
2016-03-18,-0.0046866341620947
2016-03-21,-0.0024880382708233
2016-03-22,-0.0023117957091059
2016-03-23,0.0070922897633493
2016-03-24,-0.001170870395836
2016-03-28,0.0063456560343842
2016-03-29,0.0109402004663277
2016-03-30,-0.0001191052341379
2016-03-31,-0.0020515695430916
2016-04-01,0.0076113042585817
2016-04-04,-0.0015522082587865
2016-04-05,-0.010916778336534
2016-04-06,-9.36327312955536e-05
2016-04-07,-0.0036307665249782
2016-04-08,0.0014994124625174
2016-04-11,-0.0052662569079789
2016-04-12,0.0082843366270763
2016-04-13,-0.003971616175721
2016-04-14,-0.0029904898630722
2016-04-15,0.0071716466333248
2016-04-18,0.0044265023170075
2016-04-19,5.5618987839891926e-05
2016-04-20,-0.0122903134277526
2016-04-21,-0.0128419929030211
2016-04-22,0.0062022952724006
2016-04-25,0.0050930638638142
2016-04-26,-0.0100939841636459
2016-04-27,-0.0010940334894866
2016-04-28,-0.0020080037039173
2016-04-29,-0.0053848671391477
2016-05-02,0.0075530751059349
2016-05-03,0.0018032960921812
2016-05-04,0.00708850847827
2016-05-05,-0.0017177948191134
2016-05-06,0.0029570015089882
2016-05-09,0.0118630527361176
2016-05-10,0.0161391914942087
2016-05-11,-0.0143646383004533
2016-05-12,0.0041195462126421
2016-05-13,-0.0063687803759881
2016-05-16,0.0023059532945241
2016-05-17,-0.0179331316492989
2016-05-18,-0.0083348494867277
2016-05-19,0.0005351350008884
2016-05-20,0.0037370605419866
2016-05-23,-0.0037403377794726
2016-05-24,0.0082700754655313
2016-05-25,-0.0009441035360556
2016-05-26,0.0064333443588611
2016-05-27,0.0041673599251002
2016-05-31,0.0088162920427494
2016-06-01,0.0030479379018133
2016-06-02,0.0038933197483302
2016-06-03,0.004150573949359
2016-06-06,-0.0049613573891592
2016-06-07,0.0014715591346124
2016-06-08,0.0050112729384635
2016-06-09,0.0051094171832336
2016-06-10,-0.0009009448334926
2016-06-13,-0.0064454979778091
2016-06-14,0.0001677111733127
2016-06-15,-0.0039550659475238
2016-06-16,0.0060200121384069
2016-06-17,-0.0031303425731999
2016-06-20,-0.0012315517131004
2016-06-21,0.0014011873129887
2016-06-22,0.0003937820770454
2016-06-23,0.004350429360344
2016-06-24,-0.0102562435789729
2016-06-27,0.0028237834652219
2016-06-28,0.005568272309192
2016-06-29,0.0105751133932226
2016-06-30,0.0214125684040768
2016-07-01,0.0011814773438034
2016-07-05,0.0066283305460375
2016-07-06,0.0024218428303251
2016-07-07,-0.0062212806790542
2016-07-08,0.0050758546327109
2016-07-11,-0.000597373606287
2016-07-12,-0.0070477818043714
2016-07-13,0.0050398953298664
2016-07-14,-0.0008026870619532
2016-07-15,-0.0021424658465613
2016-07-18,-0.0011467254842127
2016-07-19,0.0041233531423216
2016-07-20,0.0019620902569702
2016-07-21,-0.0007103607490034
2016-07-22,0.0072221441321567
2016-07-25,-0.0007128464514597
2016-07-26,-0.0064014259364992
2016-07-27,-0.0067457234286927
2016-07-28,0.0040013654742452
2016-07-29,0.0022365240012484
2016-08-01,0.0051072386156244
2016-08-02,-0.0091460942436037
2016-08-03,-0.0046157637918933
2016-08-04,0.0013691381622138
2016-08-05,0.0013049400158099
2016-08-08,-0.002596080390052
2016-08-09,0.0003444924662123
2016-08-10,0.0038847278897746
2016-08-11,0.0048231175458309
2016-08-12,0.0031802275514217
2016-08-15,-0.0045618726624175
2016-08-16,-0.0071327697962324
2016-08-17,0.0033220489726883
2016-08-18,0.00387505700309
2016-08-19,0.0009383356062799
2016-08-22,0.0017178587316222
2016-08-23,-0.0023225491290195
2016-08-24,-0.0009719249525186
2016-08-25,-0.0025297649684158
2016-08-26,-0.0080060812674214
2016-08-29,0.0051008869632599
2016-08-30,-0.0044730730404063
2016-08-31,0.0003383424784909
2016-09-01,-0.0045455835224085
2016-09-02,0.006268867477005
2016-09-06,0.0022224616275151
2016-09-07,0.0010768943892343
2016-09-08,-0.006916457758158
2016-09-09,-0.0225785121797619
2016-09-12,0.0137984761332328
2016-09-13,-0.0087136301663541
2016-09-14,-0.0014151981641334
2016-09-15,0.0070208040557329
2016-09-16,-0.0017052282562234
2016-09-19,0.0014050186835835
2016-09-20,0.0011607416087323
2016-09-21,0.0070177479216072
2016-09-22,0.0068622937586067
2016-09-23,-0.0005853559518486
2016-09-26,-0.0069402069680154
2016-09-27,0.0024643061175941
2016-09-28,-0.0050748892679808
2016-09-29,-0.0108153461369022
2016-09-30,0.0028487878202742
2016-10-03,-0.0069037176211387
2016-10-04,-0.0084415961498715
2016-10-05,-0.0022306271536472
2016-10-06,0.0009667573418056
2016-10-07,-0.0008396642442033
2016-10-10,0.0028775562361273
2016-10-11,-0.0102741965195833
2016-10-12,0.0048310752345166
2016-10-13,0.0019394296422346
2016-10-14,-0.0011734840716035
2016-10-17,-0.0014641347913044
2016-10-18,0.0050166893849044
2016-10-19,-0.0009163360269475
2016-10-20,-0.0036039611531433
2016-10-21,9.624769589368816e-05
2016-10-24,0.0046867812814288
2016-10-25,-0.003135060414333
2016-10-26,-0.003439146781924
2016-10-27,-0.0068532407730327
2016-10-28,0.0036541860742998
2016-10-31,0.0060289133231606
2016-11-01,-0.011526187355519
2016-11-02,-0.0024058606111318
2016-11-03,-0.0059300024541477
2016-11-04,-0.0006660357759859
2016-11-07,0.0166100486817185
2016-11-08,0.0051148774143851
2016-11-09,-0.0030962265715061
2016-11-10,-0.0014295503591435
2016-11-11,0.0009556408354241
2016-11-14,0.0029590493387986
2016-11-15,0.0022653064416694
2016-11-16,0.0010089652716312
2016-11-17,0.0034303221884495
2016-11-18,-0.0028766694200535
2016-11-21,0.0021164301834567
2016-11-22,0.0034537604049918
2016-11-23,-0.0018893184102282
2016-11-25,0.0071343724335988
2016-11-28,0.0006620731268655
2016-11-29,0.0051841796478912
2016-11-30,-0.017255788006324
2016-12-01,-0.0062416269028319
2016-12-02,0.0015531902543155
2016-12-05,0.0027210005186742
2016-12-06,0.0015523822498486
2016-12-07,0.0131441341275575
2016-12-08,0.0036223591503918
2016-12-09,0.0053278566274714
2016-12-12,0.0023483725084253
2016-12-13,0.0049278222637392
2016-12-14,-0.0101793909694427
2016-12-15,0.0015924004044196
2016-12-16,0.0025583620267572
2016-12-19,0.002851794034823
2016-12-20,0.000404450968777
2016-12-21,-0.0033885784348674
2016-12-22,-0.0045626634562366
2016-12-23,0.001649729976375
2016-12-27,0.0014801722671014
2016-12-28,-0.0031223901398068
2016-12-29,0.006333562447504
2016-12-30,-0.0025610017479264
2017-01-03,0.0028768840089246
2017-01-04,0.0066034958817812
2017-01-05,-0.000681417525059
2017-01-06,0.0025796654135831
2017-01-09,-0.0042862025305368
2017-01-10,-0.0007181908017216
2017-01-11,-0.0002841791726598
2017-01-12,0.0026656384949694
2017-01-13,0.0008747328850204
2017-01-17,0.0047709271104996
2017-01-18,-0.0003866153034875
2017-01-19,-0.0040395376390469
2017-01-20,0.0021972954621602
2017-01-23,-0.0006547797423118
2017-01-24,0.0040662074255349
2017-01-25,0.0061443718257286
2017-01-26,-0.0013316373353732
2017-01-27,-0.0026959440426243
2017-01-30,0.0002857006278945
2017-01-31,0.0041392046879823
2017-02-01,-0.0079433390967539
2017-02-02,0.005200424703412
2017-02-03,0.0039135606738865
2017-02-06,-0.0023493528522238
2017-02-07,0.0024047779020704
2017-02-08,0.0035887567911903
2017-02-09,0.0024405336979504
2017-02-10,0.0049702943446327
2017-02-13,0.0022128598411665
2017-02-14,-0.0011121866835443
2017-02-15,0.0036300166064335
2017-02-16,0.002672160253971
2017-02-17,0.0037565988357965
2017-02-21,0.0026026358305622
2017-02-22,0.0002288322358694
2017-02-23,0.0013696524224576
2017-02-24,0.0084760181233645
2017-02-27,-0.0045631015278788
2017-02-28,-0.0013888377649317
2017-03-01,0.0041822267206315
2017-03-02,-0.0019893393196454
2017-03-03,-0.0026690176250389
2017-03-06,-0.0030414253617852
2017-03-07,0.0012443379664422
2017-03-08,-0.0016960830607612
2017-03-09,-0.00125097560378
2017-03-10,0.0015264982456559
2017-03-13,0.0009169032119638
2017-03-14,-0.0006868698798644
2017-03-15,0.0084280059972288
2017-03-16,-0.0006789705968076
2017-03-17,0.001908954993244
2017-03-20,-0.0042067374621324
2017-03-21,-0.0010638989823124
2017-03-22,0.0010064106649787
2017-03-23,-0.0002382334212181
2017-03-24,-0.0006253478493122
2017-03-27,-0.0007938044432452
2017-03-28,0.0020459446063048
2017-03-29,-0.0011301733373134
2017-03-30,-0.0025166013833167
2017-03-31,-0.0010386678095808
2017-04-03,-0.0020002596182953
2017-04-04,-0.0016683897047716
2017-04-05,0.0004587955621561
2017-04-06,0.0012583067824067
2017-04-07,-0.0012234922728865
2017-04-10,0.002332105033805
2017-04-11,0.0017232018546187
2017-04-12,0.0006360761359684
2017-04-13,-0.0030909685153228
2017-04-17,0.0093365101302696
2017-04-18,-0.0002431240202
2017-04-19,0.0006588932160935
2017-04-20,0.0027140066117485
2017-04-21,-0.0005198278950849
2017-04-24,0.0051111928279257
2017-04-25,0.0031494799454737
2017-04-26,0.0024226094761448
2017-04-27,0.0030791101161491
2017-04-28,-0.0021496258234418
2017-05-01,-0.0005139468907381
2017-05-02,0.0023673160156197
2017-05-03,-0.0028692145563161
2017-05-04,0.0048479619893675
2017-05-05,0.0044115947933279
2017-05-08,-0.0023767436305796
2017-05-09,-0.0016754747601952
2017-05-10,0.0024222138655742
2017-05-11,-0.0009700195309125
2017-05-12,-0.0010580290645138
2017-05-15,0.0035657309044282
2017-05-16,-0.00569985311569
2017-05-17,-0.0043558389486908
2017-05-18,0.0029194271721206
2017-05-19,0.0037225325910338
2017-05-22,0.0053856760454535
2017-05-23,-0.0006073794493417
2017-05-24,0.0048000644730723
2017-05-25,0.007055214620326
2017-05-26,-0.000109412132231
2017-05-30,-0.0011449185652347
2017-05-31,0.0018602009379214
2017-06-01,0.0109040665916197
2017-06-02,0.0030422621950886
2017-06-05,-0.0026307573122932
2017-06-06,-0.0049909442659569
2017-06-07,0.0053973829361953
2017-06-08,-0.0051399027429179
2017-06-09,0.0001588175215556
2017-06-12,-0.0001459291673534
2017-06-13,0.0041248679203688
2017-06-14,0.0039576158367033
2017-06-15,0.0011679316670656
2017-06-16,-0.001397815518116
2017-06-19,0.0027854505558232
2017-06-20,-0.0051704551756988
2017-06-21,-0.005221193598023
2017-06-22,-0.0023266180633788
2017-06-23,0.0006361761947917
2017-06-26,0.0034858184840583
2017-06-27,-0.0071387341222518
2017-06-28,0.0027774031067753
2017-06-29,-0.009755585627445
2017-06-30,0.0025366207320278
2017-07-03,0.0007853996962555
2017-07-05,-0.0027431254256016
2017-07-06,-0.0095957282515517
2017-07-07,0.0058236103067218
2017-07-10,-0.0049261770872423
2017-07-11,-0.0044977662435055
2017-07-12,0.0062633529878946
2017-07-13,-0.0002030126401516
2017-07-14,0.0048558816998426
2017-07-17,0.0005241272008007
2017-07-18,-0.0017889821121064
2017-07-19,0.0078715421844138
2017-07-20,-0.0010820797779652
2017-07-21,0.0007047727273252
2017-07-24,-0.0016149158841949
2017-07-25,0.0061526189329936
2017-07-26,-0.0027244959674541
2017-07-27,-0.0004383629930612
2017-07-28,-0.0008324631026848
2017-07-31,-0.0009158342374552
2017-08-01,0.0003170346009614
2017-08-02,-0.0043337559930798
2017-08-03,-0.0017970517310791
2017-08-04,0.0029875496695651
2017-08-07,0.0008332966711282
2017-08-08,-0.0026023278298079
2017-08-09,-0.0029547639946186
2017-08-10,-0.0148301440515259
2017-08-11,0.0007723562432772
2017-08-14,0.008614777847879
2017-08-15,-0.0040771449977322
2017-08-16,0.0034228887720753
2017-08-17,-0.014915057119034
2017-08-18,-0.0022702720459385
2017-08-21,0.0001101182832803
2017-08-22,0.0075759917519567
2017-08-23,-0.0013673660087639
2017-08-24,0.0003733496703231
2017-08-25,0.0041585265543231
2017-08-28,-0.0009136661669512
2017-08-29,-0.0010813459245704
2017-08-30,0.0047539545404222
2017-08-31,0.0054729669711894
2017-09-01,0.0050647046554658
2017-09-05,-0.0052720430142008
2017-09-06,0.0067025747255489
2017-09-07,0.0004166974348226
2017-09-08,-0.0007262414329655
2017-09-11,0.009379953258134
2017-09-12,0.0042280850450558
2017-09-13,0.0014643719821682
2017-09-14,-0.0011063302820293
2017-09-15,0.0024700649623693
2017-09-18,0.0009426305212717
2017-09-19,-0.0020377728817737
2017-09-20,0.0011818240235254
2017-09-21,-0.0033057973034354
2017-09-22,0.0033478620948947
2017-09-25,0.0011295511926011
2017-09-26,0.0019724374303987
2017-09-27,0.0043376517880726
2017-09-28,0.0001469556716039
2017-09-29,0.0040445346123535
2017-10-02,0.0053015965801412
2017-10-03,0.0013389166912164
2017-10-04,0.0015661755912986
2017-10-05,0.0034476635984979
2017-10-06,-0.0018903702604397
2017-10-09,-0.0049168095842193
2017-10-10,0.002289203107369
2017-10-11,-0.000216049198888
2017-10-12,-0.0010260119752348
2017-10-13,0.0011030590783299
2017-10-16,-0.0006201944866468
2017-10-17,0.0004351423576155
2017-10-18,0.0007783043572556
2017-10-19,0.0010309882319581
2017-10-20,0.0072019607260174
2017-10-23,-0.0040727987083837
2017-10-24,-0.0002915380929487
2017-10-25,-0.0071447512475898
2017-10-26,0.002131990378127
2017-10-27,-0.0004276452174915
2017-10-30,-0.0050502899576931
2017-10-31,-0.000233913630083
2017-11-01,-0.0020915080165705
2017-11-02,-0.0005535608419027
2017-11-03,0.0011541451036296
2017-11-06,0.0032432190801837
2017-11-07,-0.0042842341511322
2017-11-08,0.0027481033891806
2017-11-09,0.0003551588282945
2017-11-10,0.0021192606008301
2017-11-13,0.0007093177885735
2017-11-14,-0.0003722266829419
2017-11-15,-0.0043470423079558
2017-11-16,0.0088539387535162
2017-11-17,0.0050251772155508
2017-11-20,0.0011789752569312
2017-11-21,0.0021728252180271
2017-11-22,0.0013247189969546
2017-11-24,0.0004559012780597
2017-11-27,-0.0008963284095392
2017-11-28,0.012232047708014
2017-11-29,0.0080016421532638
2017-11-30,0.0059093058996857
2017-12-01,-0.0020583348428521
2017-12-04,0.0039132083351069
2017-12-05,-0.0076248672540973
2017-12-06,-0.0033579393638813
2017-12-07,0.00398342058028
2017-12-08,0.0065912985172969
2017-12-11,0.0019433944030158
2017-12-12,-0.0008869769620308
2017-12-13,-9.169679712219838e-06
2017-12-14,-0.0064498399568871
2017-12-15,0.0091368489100641
2017-12-18,0.0083390883553933
2017-12-19,-0.0032144829377312
2017-12-20,0.0001349215245032
2017-12-21,0.0042788511599448
2017-12-22,0.0002364223311062
2017-12-26,0.0030305194492666
2017-12-27,-0.0008394455912046
2017-12-28,0.0024025046270518
2017-12-29,-0.0052059994130372
2018-01-02,0.0096484066758141
2018-01-03,0.0032082249633595
2018-01-04,0.0020271752638454
2018-01-05,0.0046892070860531
2018-01-08,0.0030746370599336
2018-01-09,-0.0018126374596084
2018-01-10,-0.0025882033666224
2018-01-11,0.0112867643925984
2018-01-12,0.0034007008445803
2018-01-16,-0.0065055312396786
2018-01-17,0.007590268772721
2018-01-18,-0.003371705041755
2018-01-19,0.0072716396974824
2018-01-22,0.004541207558669
2018-01-23,0.005549749301222
2018-01-24,-0.0008384016107807
2018-01-25,-0.001533384226841
2018-01-26,0.0078530777191359
2018-01-29,-0.0067718461825231
2018-01-30,-0.0111740250123562
2018-01-31,-0.0022578719225307
2018-02-01,-0.0027467447763526
2018-02-02,-0.0206531200004909
2018-02-05,-0.0353566709716198
2018-02-06,0.0123247662313294
2018-02-07,-0.0012336138629832
2018-02-08,-0.0325738710694215
2018-02-09,0.0117845640973092
2018-02-12,0.0108427550585234
2018-02-13,0.003424377371343
2018-02-14,0.0171189045356782
2018-02-15,0.0091841255766977
2018-02-16,0.001621786771233
2018-02-20,-0.0084960034710982
2018-02-21,-0.0065147711883103
2018-02-22,-0.0002398975034967
2018-02-23,0.0146083204123313
2018-02-26,0.0053156697244874
2018-02-27,-0.0140127804945715
2018-02-28,-0.0100280127658529
2018-03-01,-0.0068697185529327
2018-03-02,0.0068450053071679
2018-03-05,0.0118243246143058
2018-03-06,0.0063555897766022
2018-03-07,-0.0016146922965413
2018-03-08,0.0016317864830025
2018-03-09,0.0128395793798191
2018-03-12,0.00028012131742
2018-03-13,-0.0040453490439326
2018-03-14,-0.0075363651410688
2018-03-15,-0.0034158206367842
2018-03-16,0.0060270438578646
2018-03-19,-0.0115952718397186
2018-03-20,-0.001276683844843
2018-03-21,0.0013930429613986
2018-03-22,-0.0215313656258995
2018-03-23,-0.0174239226510751
2018-03-26,0.0202605268456719
2018-03-27,-0.0106425379261657
2018-03-28,0.0003919650597915
2018-03-29,0.0117937907944824
2018-04-02,-0.0213236161567825
2018-04-03,0.0120174707936761
2018-04-04,0.0113298952651623
2018-04-05,0.0070650440207472
2018-04-06,-0.0200466940908129
2018-04-09,-0.0002845325957858
2018-04-10,0.013940061086698
2018-04-11,-0.0019018351887668
2018-04-12,0.0044975510517467
2018-04-13,-0.0023415331253648
2018-04-16,0.0095698803091737
2018-04-17,0.0078959967654903
2018-04-18,0.0023076116786714
2018-04-19,-0.0072711475660006
2018-04-20,-0.0078608569315419
2018-04-23,0.0013307761135095
2018-04-24,-0.0082051550927542
2018-04-25,0.001566197021604
2018-04-26,0.0067171798632765
2018-04-27,0.003808746248084
2018-04-30,-0.009639611437875
2018-05-01,0.0005058552133836
2018-05-02,-0.0071747204409798
2018-05-03,-0.0046980574590238
2018-05-04,0.0125859678723864
2018-05-07,0.0025251916039009
2018-05-08,-0.0006060341815919
2018-05-09,0.0070067072166592
2018-05-10,0.0074381024343177
2018-05-11,0.0002720630311815
2018-05-14,0.0002247340620669
2018-05-15,-0.0047811014509872
2018-05-16,0.0062775712431521
2018-05-17,0.0031826939979171
2018-05-18,-0.0023815190277457
2018-05-21,0.0070480315042387
2018-05-22,-0.0060755726169442
2018-05-23,0.0010077055585109
2018-05-24,0.0015671785976103
2018-05-25,-0.0002503191562829
2018-05-29,-0.0090702678632637
2018-05-30,0.0125946840933952
2018-05-31,-0.0092679531087646
2018-06-01,0.0081625320586835
2018-06-04,0.0049384679858812
2018-06-05,0.0003208642278765
2018-06-06,0.0083563994126336
2018-06-07,0.0012252620342757
2018-06-08,0.0051895217010385
2018-06-11,0.0038924695966758
2018-06-12,0.003816635690013
2018-06-13,-0.0059287567328107
2018-06-14,0.0025203886128208
2018-06-15,0.000292929176084
2018-06-18,-0.0003062232675919
2018-06-19,-0.0034622206094254
2018-06-20,0.0034774060692546
2018-06-21,-0.0058515800327754
2018-06-22,0.0028414219243634
2018-06-25,-0.0099179155798798
2018-06-26,0.0015064323033747
2018-06-27,-0.0094220545798766
2018-06-28,0.0029704497006823
2018-06-29,0.0008628412860819
2018-07-02,0.0007489218264768
2018-07-03,-0.0005382789287924
2018-07-05,0.0085412918226027
2018-07-06,0.0079802461303808
2018-07-09,0.0080159459463713
2018-07-10,0.0021582154661628
2018-07-11,-0.0079637473516772
2018-07-12,0.0039136084523652
2018-07-13,0.0006318415402382
2018-07-16,-0.0036538770024922
2018-07-17,0.0033951870347455
2018-07-18,0.0029707126003646
2018-07-19,-6.232898773024889e-05
2018-07-20,-0.0038190707268304
2018-07-23,-0.0001269782151459
2018-07-24,-0.0013134051798415
2018-07-25,0.0066985664456867
2018-07-26,0.0042052209449544
2018-07-27,-0.0067899364881778
2018-07-30,-0.0034102558771294
2018-07-31,0.0078919193941019
2018-08-01,-0.0057722362101667
2018-08-02,0.0048961493924596
2018-08-03,0.0051591061083097
2018-08-06,0.0024238396194564
2018-08-07,0.0024160184524134
2018-08-08,-0.0025777335134106
2018-08-09,-0.0009236115517477
2018-08-10,-0.0076580000985084
2018-08-13,-0.0050959888823918
2018-08-14,0.0075739289698021
2018-08-15,-0.006728432854193
2018-08-16,0.0082052829543871
2018-08-17,0.0050842984580592
2018-08-20,0.0048398371665415
2018-08-21,0.0046498645785757
2018-08-22,-0.0019763036811434
2018-08-23,-0.003596428417345
2018-08-24,0.0047731846258189
2018-08-27,0.0059009977035119
2018-08-28,7.164183957432066e-06
2018-08-29,0.0037242017930489
2018-08-30,-0.0062654839870781
2018-08-31,0.00043644882481
2018-09-04,-0.0022962338252575
2018-09-05,0.001310745939174
2018-09-06,-0.0027705117174729
2018-09-07,-0.0031744783526641
2018-09-10,0.0038061493581562
2018-09-11,0.0004135906323014
2018-09-12,0.0028354710623895
2018-09-13,0.0045768273588452
2018-09-14,0.0019020585945641
2018-09-17,-0.0036102812856949
2018-09-18,0.0043216886751747
2018-09-19,0.0003328928431885
2018-09-20,0.0069192293876936
2018-09-21,0.0008007943839931
2018-09-24,-0.0084530785270456
2018-09-25,-0.0034149139359174
2018-09-26,-0.0053187410523642
2018-09-27,-0.0001425968281173
2018-09-28,0.0012646752465322
2018-10-01,-0.0007170693818152
2018-10-02,-0.00173767038561
2018-10-03,-0.000218180969588
2018-10-04,-0.0090112568953585
2018-10-05,-0.0055424273301764
2018-10-08,0.0016740027569601
2018-10-09,-0.0061509599864724
2018-10-10,-0.0280697373937613
2018-10-11,-0.0211219318776643
2018-10-12,0.0094118995206225
2018-10-15,-0.0002105929544146
2018-10-16,0.0208753865823767
2018-10-17,-0.0028310288024409
2018-10-18,-0.0141714185789352
2018-10-19,-0.0043753943034064
2018-10-22,-0.0047782182560235
2018-10-23,-0.0068280180515104
2018-10-24,-0.0288955752954199
2018-10-25,0.0139252682271672
2018-10-26,-0.0154437084592845
2018-10-29,-0.0024826554631169
2018-10-30,0.020176765864005
2018-10-31,0.0081689713532079
2018-11-01,0.0164130309493886
2018-11-02,-0.003441210475912
2018-11-05,0.0056058247403175
2018-11-06,0.0069946776016491
2018-11-07,0.015439228409566
2018-11-08,-0.0025149186420024
2018-11-09,-0.009892913629299
2018-11-12,-0.0164818504201057
2018-11-13,-0.0003798535600664
2018-11-14,-0.0066365887209564
2018-11-15,0.0077147668523206
2018-11-16,0.0027319175492869
2018-11-19,-0.016500568224354
2018-11-20,-0.017815070886786
2018-11-21,0.0088607484403904
2018-11-23,-0.0029235034127617
2018-11-26,0.0148417758288261
2018-11-27,-0.0013717743578842
2018-11-28,0.0198718641639057
2018-11-29,-0.0021594459857017
2018-11-30,0.0053775770179957
2018-12-03,0.0102324201467892
2018-12-04,-0.033274678186364
2018-12-06,-0.0020572257523869
2018-12-07,-0.0220731553377627
2018-12-10,-0.0027047311755147
2018-12-11,-0.0020462477148194
2018-12-12,0.0060329341154454
2018-12-13,-0.0059539929280488
2018-12-14,-0.0153926341672987
2018-12-17,-0.0234035607590866
2018-12-18,0.0003793530609033
2018-12-19,-0.0158904228942965
2018-12-20,-0.0177351221132325
2018-12-21,-0.0187996724155267
2018-12-24,-0.0259998999877728
2018-12-26,0.045738210329725
2018-12-27,0.0075959469656062
2018-12-28,-0.0013180106742767
2018-12-31,0.007892132498184
2019-01-02,0.0003645202331975
2019-01-03,-0.0195066894651726
2019-01-04,0.033461663513153
2019-01-07,0.0115256730778927
2019-01-08,0.0120916871817012
2019-01-09,0.008267074091268
2019-01-10,0.0051485570295635
2019-01-11,0.0011054908684019
2019-01-14,-0.0058977012436556
2019-01-15,0.0087992912837654
2019-01-16,0.0031457896364474
2019-01-17,0.0052547993617114
2019-01-18,0.0087333048863239
2019-01-22,0.0007206455106742
2019-01-23,0.0067606197125339
2019-01-24,-0.0041572592064075
2019-01-25,-0.0026190075846541
2019-01-28,0.0035062888127943
2019-01-29,0.0030572513613164
2019-01-30,0.0020632358188807
2019-01-31,0.0117149599758897
2019-02-01,-0.0005146680016916
2019-02-04,0.0030451188754241
2019-02-05,0.0026792259577635
2019-02-06,-0.0013470087641066
2019-02-07,0.0067465301535216
2019-02-08,0.0035467732755795
2019-02-11,-0.0001483370730023
2019-02-12,0.0016735308232448
2019-02-13,0.0023170270531166
2019-02-14,-0.0032735764945128
2019-02-15,0.0095834343768708
2019-02-19,0.0017663610159338
2019-02-20,0.0006926508533942
2019-02-21,0.0011859701766318
2019-02-22,0.0009230313922281
2019-02-25,-0.0060898138001574
2019-02-26,-0.0008364873770546
2019-02-27,0.0011718352470993
2019-02-28,0.0029081838193368
2019-03-01,0.0030376235168818
2019-03-04,-0.0019749171206503
2019-03-05,0.0009431689445299
2019-03-06,-0.0018932525356273
2019-03-07,-0.0022500975883553
2019-03-08,-0.0004373472154922
2019-03-11,0.0082804190829476
2019-03-12,0.0023277296161068
2019-03-13,0.0039628568751323
2019-03-14,0.0012620814814375
2019-03-15,0.0013407824103
2019-03-18,-0.000145911158355
2019-03-19,-0.005999427079105
2019-03-20,-0.003926216890508
2019-03-21,0.0096358536379982
2019-03-22,-0.0010368683968778
2019-03-25,0.0021236526829776
2019-03-26,0.0075816208275558
2019-03-27,3.2994382256303464e-05
2019-03-28,0.0022779746448132
2019-03-29,0.0024198340479911
2019-04-01,-0.0017510066916956
2019-04-02,-0.001401013160866
2019-04-03,-0.0017983845865483
2019-04-04,0.0039301574392273
2019-04-05,0.0060169676151642
2019-04-08,-0.0016462021471438
2019-04-09,-0.0022836321579401
2019-04-10,0.0021640550801627
2019-04-11,0.0014682489444043
2019-04-12,0.0048930979745562
2019-04-15,0.0016321491357394
2019-04-16,-0.0077210616570208
2019-04-17,-0.004023444008744
2019-04-18,0.0016811049744781
2019-04-22,-0.0060032860480971
2019-04-23,0.0083203774828425
2019-04-24,0.001946173840577
2019-04-25,-0.0004192553191601
2019-04-26,0.0069958840662104
2019-04-29,-0.0017739373179278
2019-04-30,0.0099627694244975
2019-05-01,-0.0092214171829177
2019-05-02,0.0010792825398002
2019-05-03,0.0057902077390367
2019-05-06,-0.000533808411407
2019-05-07,-0.0094336251525052
2019-05-08,-0.0034003930690363
2019-05-09,0.001194623831231
2019-05-10,0.0094170555454868
2019-05-13,-0.0051745308599023
2019-05-14,0.0007692218564139
2019-05-15,0.0007553237909528
2019-05-16,0.005116057084572
2019-05-17,0.0019495127060481
2019-05-20,0.0002793240191475
2019-05-21,0.0045845111363452
2019-05-22,0.0010281127340579
2019-05-23,-0.0008232188914065
2019-05-24,0.0005703112038255
2019-05-28,-0.01424194981203
2019-05-29,-0.0082306145490931
2019-05-30,0.0017658442698962
2019-05-31,-0.0011811762464556
2019-06-03,0.0119771811074587
2019-06-04,0.006464506075717
2019-06-05,0.0126186004079233
2019-06-06,0.004165339534452
2019-06-07,0.0013624800473368
2019-06-10,-0.0041716606011009
2019-06-11,-0.000589266325114
2019-06-12,0.0050985083931785
2019-06-13,0.0021074588096798
2019-06-14,0.0053229418022454
2019-06-17,-0.0015583812744891
2019-06-18,-0.0012792376471423
2019-06-19,0.0043759294532723
2019-06-20,0.00490501961403
2019-06-21,-0.0013636535963905
2019-06-24,-0.0025460191170196
2019-06-25,-0.0027608933024229
2019-06-26,-0.0165948393115651
2019-06-27,0.004048220136742
2019-06-28,0.0076948080595158
2019-07-01,0.0012845229505839
2019-07-02,0.0082054027602289
2019-07-03,0.0122831364256732
2019-07-05,-0.00174657640104
2019-07-08,-0.001549304633406
2019-07-09,-0.0019381426017457
2019-07-10,0.0008813698468284
2019-07-11,0.0007135104014125
2019-07-12,0.0020961468128729
2019-07-15,-0.0013258747320265
2019-07-16,-0.000407573265637
2019-07-17,-0.0045379988402517
2019-07-18,0.0054780486519861
2019-07-19,-0.0078220155759616
2019-07-22,-0.0039063869852619
2019-07-23,0.0051738221180145
2019-07-24,-0.000906184039087
2019-07-25,0.0006355032447867
2019-07-26,0.0044530119572003
2019-07-29,0.001431721082708
2019-07-30,-0.0012582107687086
2019-07-31,-0.0067234155930218
2019-08-01,-0.0011453541381431
2019-08-02,0.0032413776980809
2019-08-05,-0.0192715170884452
2019-08-06,0.0094536949464556
2019-08-07,0.0044696151938171
2019-08-08,0.0111557411388674
2019-08-09,-0.0017954895961587
2019-08-12,-0.006038825552639
2019-08-13,0.0064091431173315
2019-08-14,-0.0192448006073692
2019-08-15,0.0066624811848183
2019-08-16,0.0102175278838189
2019-08-19,0.007244014663298
2019-08-20,-0.0086021833186923
2019-08-21,0.0048941989016628
2019-08-22,0.0035331784702808
2019-08-23,-0.018609790727113
2019-08-26,0.0094908485601891
2019-08-27,-0.0044603362572428
2019-08-28,0.006707534873312
2019-08-29,0.0060124228960627
2019-08-30,0.0021050002177556
2019-09-03,0.0046222466711142
2019-09-04,0.0066815626716558
2019-09-05,0.0020547270344961
2019-09-06,0.0030831887851868
2019-09-09,0.0018812599832518
2019-09-10,-0.0007163987135275
2019-09-11,0.0042480373367
2019-09-12,0.0011135187451426
2019-09-13,-0.0035135929956608
2019-09-16,-0.0008965275024853
2019-09-17,0.004821372121922
2019-09-18,0.0017881247098616
2019-09-19,8.319771859046851e-05
2019-09-20,2.962042891927277e-05
2019-09-23,0.0005954641545044
2019-09-24,0.0016123506158032
2019-09-25,0.0005434258616921
2019-09-26,0.0020338911247405
2019-09-27,0.001206477883281
2019-09-30,0.0027640324949482
2019-10-01,-0.0088302696051015
2019-10-02,-0.0144741155616859
2019-10-03,0.0037781655125346
2019-10-04,0.0112627012481058
2019-10-07,-0.0047684543014862
2019-10-08,-0.0100904864344483
2019-10-09,0.0038687594383763
2019-10-10,0.0029794181877174
2019-10-11,0.0018940788411912
2019-10-14,-0.0037930386457169
2019-10-15,0.0014431371185669
2019-10-16,0.0036204086636331
2019-10-17,0.0031702561938682
2019-10-18,0.0029264907442765
2019-10-21,0.001815368938856
2019-10-22,0.0019950966498348
2019-10-23,0.004919635450916
2019-10-24,-0.005333713187402
2019-10-25,-0.008194426400991
2019-10-28,-0.0088992215532989
2019-10-29,0.0062636303864187
2019-10-30,0.0056636250868528
2019-10-31,0.0017120774477897
2019-11-01,0.0017248682034259
2019-11-04,-0.0041381321494489
2019-11-05,-0.0045445244699811
2019-11-06,0.0036876921514927
2019-11-07,-0.003685854612377
2019-11-08,-0.0014555979194764
2019-11-11,-0.0027556143135008
2019-11-12,0.000577098866563
2019-11-13,0.0062359710079647
2019-11-14,0.002657064785785
2019-11-15,0.005275502581689
2019-11-18,0.0013935509631696
2019-11-19,-0.0006514717879229
2019-11-20,0.0004619115770817
2019-11-21,-0.006464654698065
2019-11-22,0.0023257017144203
2019-11-25,-0.0009138289817715
2019-11-26,0.004469158653235
2019-11-27,0.0015688828295252
2019-11-29,-0.0021366404222578
2019-12-02,-0.0049690600937848
2019-12-03,-0.0008153971379796
2019-12-04,0.0057060580092297
2019-12-05,0.0013664413511888
2019-12-06,0.0014344127484585
2019-12-09,0.0001589027122653
2019-12-10,-0.0011410145195802
2019-12-11,-0.0045691888389476
2019-12-12,-0.0019120583267541
2019-12-13,0.0010167570759172
2019-12-16,0.0034330509617607
2019-12-17,-0.000823691918484
2019-12-18,0.0015525343754807
2019-12-19,0.0029668055158544
2019-12-20,0.0073068182549109
2019-12-23,-0.0059337352570813
2019-12-24,-0.0007411153216113
2019-12-26,0.0013072105876311
2019-12-27,0.0035158947476878
2019-12-30,-0.0003343105626333
2019-12-31,0.0046965886541765
2020-01-02,-0.0109222452044768
2020-01-03,0.0028283286371583
2020-01-06,0.0026458231767764
2020-01-07,-0.007697643622094
2020-01-08,0.0009831345275906
2020-01-09,0.0029331564500556
2020-01-10,0.0025591698964387
2020-01-13,0.0043318274086683
2020-01-14,0.0015758638118921
2020-01-15,0.0063654087581769
2020-01-16,0.0056565209725403
2020-01-17,0.0017881780384816
2020-01-21,0.0012010081219385
2020-01-22,-0.0010627173940689
2020-01-23,0.0030575742683177
2020-01-24,-0.0060675584011607
2020-01-27,-0.004126623362268
2020-01-28,0.0013095932644115
2020-01-29,-0.0024382089358253
2020-01-30,0.0028716744972614
2020-01-31,-0.0092646810073899
2020-02-03,0.0036247369272536
2020-02-04,0.0028166200645122
2020-02-05,0.0095183753824646
2020-02-06,0.0011431516348913
2020-02-07,-0.0022691184222691
2020-02-10,0.0037207918989745
2020-02-11,0.001175202717555
2020-02-12,0.0014869117492717
2020-02-13,0.0022602997624258
2020-02-14,0.005783568857655
2020-02-18,0.0017733126755184
2020-02-19,-0.0072400452448027
2020-02-20,0.0023877362181506
2020-02-21,-0.0001901784253262
2020-02-24,-0.0168381144597648
2020-02-25,-0.0269664104303545
2020-02-26,-0.0107098427433985
2020-02-27,-0.0375073976878178
2020-02-28,-0.0249480400636397
2020-03-02,0.0399298860869236
2020-03-03,-0.012769534389872
2020-03-04,0.0402410514476655
2020-03-05,-0.0238588590376308
2020-03-06,-0.0066363459186797
2020-03-09,-0.0596833447990946
2020-03-10,0.0303243256643516
2020-03-11,-0.0517745317758586
2020-03-12,-0.0995695598175609
2020-03-13,0.0664691903064827
2020-03-16,-0.1270420988360325
2020-03-17,0.0537874297303705
2020-03-18,-0.0711415060269777
2020-03-19,0.0019670484041376
2020-03-20,-0.0466307339161084
2020-03-23,-0.0511493439952959
2020-03-24,0.0844215115045356
2020-03-25,0.0284916682373286
2020-03-26,0.0600779488821662
2020-03-27,-0.0122150698902511
2020-03-30,0.0246437963274996
2020-03-31,-0.023697308706416
2020-04-01,-0.0482933751157744
2020-04-02,0.0105357332628675
2020-04-03,-0.0128565871947906
2020-04-06,0.0651488912376522
2020-04-07,0.009624702167928
2020-04-08,0.0404066075149967
2020-04-09,0.0356285128436226
2020-04-13,-0.0239077971371112
2020-04-14,0.0267392960850586
2020-04-15,-0.0302565428529379
2020-04-16,0.0134387150365074
2020-04-17,0.0065010330448284
2020-04-20,-0.0013234125224625
2020-04-21,-0.012307347490425
2020-04-22,0.0047422752886969
2020-04-23,-0.0020177084030233
2020-04-24,0.0038719746007263
2020-04-27,0.0074735682877865
2020-04-28,-0.0244032372597131
2020-04-29,-0.0081952443168725
2020-04-30,6.232755933033795e-05
2020-05-01,0.0008764413801592
2020-05-04,-0.0005210964789054
2020-05-05,0.0132077146963975
2020-05-06,0.0039905918696006
2020-05-07,-0.001940728506029
2020-05-08,0.003601677101384
2020-05-11,0.0084891647470379
2020-05-12,-0.0139634744843524
2020-05-13,0.0028473875337505
2020-05-14,-0.0047948952005224
2020-05-15,0.0036662605498269
2020-05-18,0.012842852858776
2020-05-19,-0.0056639339245683
2020-05-20,-0.0024172065196006
2020-05-21,-0.0150173667775011
2020-05-22,0.0103697500959401
2020-05-26,-0.0152712637735994
2020-05-27,0.0087625285870879
2020-05-28,0.0154573059116282
2020-05-29,0.0202178217034817
2020-06-01,0.0003713337638052
2020-06-02,0.0025667836469747
2020-06-03,-0.0112195332261545
2020-06-04,-0.012653657460226
2020-06-05,-4.0323266507035285e-05
2020-06-08,0.0106170492082733
2020-06-09,-0.0193039207111765
2020-06-10,0.011791325281944
2020-06-11,-0.0269361116906614
2020-06-12,-0.0065083774347038
2020-06-15,0.007553527887373
2020-06-16,0.0060314680220051
2020-06-17,0.0069243177126226
2020-06-18,-0.0012361251393368
2020-06-19,0.0021200971801653
2020-06-22,-0.0007350507809096
2020-06-23,-0.0027146406590231
2020-06-24,-0.011132389210399
2020-06-25,-0.0029179792691794
2020-06-26,-0.0031270282274178
2020-06-29,0.0153088989767452
2020-06-30,0.0059928030982827
2020-07-01,0.0125976567098015
2020-07-02,0.0051528898456624
2020-07-06,0.0071114862925604
2020-07-07,0.0054026472522259
2020-07-08,-0.0096494738101728
2020-07-09,-0.002349760396885
2020-07-10,0.0051038653249682
2020-07-13,-0.0073961328064707
2020-07-14,0.0196332765953853
2020-07-15,0.0122941560565435
2020-07-16,-0.0010299407247843
2020-07-17,0.0063818351642635
2020-07-20,-0.0048042679234385
2020-07-21,-0.0053479553047258
2020-07-22,0.0067848090265101
2020-07-23,-0.0036941392603581
2020-07-24,-0.0051129560277173
2020-07-27,0.0077067630748582
2020-07-28,0.0049380122467448
2020-07-29,-0.0007294157795243
2020-07-30,-0.0018048312080874
2020-07-31,0.0050827649538928
2020-08-03,0.00737770385557
2020-08-04,0.0183550499179216
2020-08-05,-0.009032882952268
2020-08-06,0.0070654645320267
2020-08-07,0.0004815968980343
2020-08-10,-0.0014400720735269
2020-08-11,-0.006228976228572
2020-08-12,0.0038646138394989
2020-08-13,0.0072779067940647
2020-08-14,-0.0019961301679673
2020-08-17,0.0103949564585489
2020-08-18,0.0075891620420379
2020-08-19,-0.0034327509724521
2020-08-20,0.0043000256234783
2020-08-21,0.0046798052321578
2020-08-24,-0.0022094342516121
2020-08-25,0.0007314891374831
2020-08-26,0.0092105438943131
2020-08-27,-0.0038178857343436
2020-08-28,-0.0022718434120693
2020-08-31,0.0056305611419719
2020-09-01,-0.00627238023682
2020-09-02,0.0098581851875416
2020-09-03,-0.0166189896915813
2020-09-04,-0.0114344716869415
2020-09-08,7.056408464702502e-05
2020-09-09,0.013631022246535
2020-09-10,-0.0131510049135907
2020-09-11,0.0041954367995296
2020-09-14,0.0039864411256824
2020-09-15,0.0104977175513957
2020-09-16,-0.0005601193624941
2020-09-17,-0.004137838841933
2020-09-18,-0.0054714414019755
2020-09-21,-0.0145005024126563
2020-09-22,0.0089880052868156
2020-09-23,-0.0106568746153994
2020-09-24,-0.0032639653471758
2020-09-25,0.0055094384392068
2020-09-28,0.0022614971721264
2020-09-29,-0.0055240711315631
2020-09-30,0.0021127835894604
2020-10-01,0.0019840858351229
2020-10-02,-0.0036577935038869
2020-10-05,0.0068283589903231
2020-10-06,-0.0079706240386689
2020-10-07,0.0092394652489128
2020-10-08,0.0001540463440609
2020-10-09,0.0050729594154256
2020-10-12,0.0048891848268881
2020-10-13,-0.0017585468041018
2020-10-14,-0.0031133266135381
2020-10-15,-0.0006844821557522
2020-10-16,0.001090638821573
2020-10-19,-0.0168861230394297
2020-10-20,-0.0073487584012535
2020-10-21,0.0025611061341328
2020-10-22,0.009487441649401
2020-10-23,0.0037198033977615
2020-10-26,-0.0111548119120059
2020-10-27,-0.0025849657525246
2020-10-28,-0.0278528107654483
2020-10-29,-0.00382319355972
2020-10-30,-0.010437926263619
2020-11-02,0.0070609600725901
2020-11-03,0.0130620351001656
2020-11-04,-0.0003595910722392
2020-11-05,0.0049493682295247
2020-11-06,0.011282897307769
2020-11-09,-0.0062502114201727
2020-11-10,0.0242909784045963
2020-11-11,-0.0024165652774108
2020-11-12,0.0007824754522328
2020-11-13,0.0161541961642485
2020-11-16,0.0067900844665758
2020-11-17,-0.0023959141723054
2020-11-18,-0.0108618331195622
2020-11-19,0.0029733794030389
2020-11-20,-0.0093208908761607
2020-11-23,-0.0023660957352001
2020-11-24,0.0045401145781073
2020-11-25,-0.0004193258534363
2020-11-27,0.0040991953475175
2020-11-30,0.0069877936488109
2020-12-01,0.0052580289112926
2020-12-02,-0.0066098938549004
2020-12-03,0.0015374974643126
2020-12-04,0.0043110271888103
2020-12-07,0.0012610595335658
2020-12-08,0.0044362012864315
2020-12-09,0.0084185784303998
2020-12-10,-0.0059971300461282
2020-12-11,0.0012074083035526
2020-12-14,-0.0096652900384758
2020-12-15,0.0065665414857694
2020-12-16,-0.0044763295814162
2020-12-17,0.0100140024607464
2020-12-18,0.0066244341941937
2020-12-21,-0.0082613944811197
2020-12-22,-0.0054812622140561
2020-12-23,0.0067885441829409
2020-12-24,0.0002109655532854
2020-12-28,0.0015214610991064
2020-12-29,-0.0048116733726705
2020-12-30,-0.00481462818163
2020-12-31,0.0018167546328227
2021-01-04,-0.0107409648722675
2021-01-05,0.002227008835455
2021-01-06,0.0192872009981689
2021-01-07,-0.0067666199597059
2021-01-08,0.0076676077590363
2021-01-11,-0.0016594720456881
2021-01-12,0.0039357381324307
2021-01-13,0.0055741983679005
2021-01-14,-0.0005558108414237
2021-01-15,-0.0033595083889914
2021-01-19,0.004316035524546
2021-01-20,0.0154125325869393
2021-01-21,0.0032053460950068
2021-01-22,0.0004664517980128
2021-01-25,0.0111739536207563
2021-01-26,0.0042191635179449
2021-01-27,-0.0006146523361367
2021-01-28,-0.0107385032731992
2021-01-29,-0.0096314510393453
2021-02-01,-0.0001106811969725
2021-02-02,0.01250340272492
2021-02-03,0.00271575997293
2021-02-04,0.0085995316943879
2021-02-05,0.0125181555551845
2021-02-08,0.0052456536746754
2021-02-09,0.0080547900315894
2021-02-10,-0.0004286860914199
2021-02-11,-0.0120837894617206
2021-02-12,0.0053953843000845
2021-02-16,-0.0123592441217371
2021-02-17,0.0110034706328705
2021-02-18,0.0033578278601315
2021-02-19,-0.021712357749064
2021-02-22,-0.005998986898871
2021-02-23,0.000500168988144
2021-02-24,-0.0100701155542552
2021-02-25,-0.0059427423437641
2021-02-26,-0.0064701801586387
2021-03-01,0.0032109784291729
2021-03-02,0.003630419032855
2021-03-03,-0.0047477990176368
2021-03-04,-0.0024059191374103
2021-03-05,0.0116247192082745
2021-03-08,0.0023749173432238
2021-03-09,-0.0044898595004804
2021-03-10,0.0012389033950379
2021-03-11,0.0036500126223172
2021-03-12,0.0083335738807593
2021-03-15,0.0149180272066767
2021-03-16,0.0029555705725858
2021-03-17,-0.0048463609709118
2021-03-18,-0.0006136387996209
2021-03-19,0.0058959227800751
2021-03-22,0.0087132330217339
2021-03-23,-0.0020977576425555
2021-03-24,-0.0127649996641635
2021-03-25,0.0028212543542157
2021-03-26,0.002194864307269
2021-03-29,0.0038996846218387
2021-03-30,-0.0026071849774888
2021-03-31,-0.0138246805939444
2021-04-01,0.0005375244970776
2021-04-05,0.0059038064554949
2021-04-06,0.01052779393323
2021-04-07,-0.0049084559101982
2021-04-08,-0.002691749953034
2021-04-09,-0.0005125968681206
2021-04-12,0.0017521453479903
2021-04-13,0.0022019091479311
2021-04-14,-0.0082031938809279
2021-04-15,0.0094058034776384
2021-04-16,0.0050833529490421
2021-04-19,0.0027550264975183
2021-04-20,0.007045630726521
2021-04-21,0.0025738697029437
2021-04-22,-0.0024981762220473
2021-04-23,-0.0016460957861737
2021-04-26,-0.0039785898037536
2021-04-27,-0.0005233729314353
2021-04-28,-0.0038985277525697
2021-04-29,0.0088935278048475
2021-04-30,0.0008852725930811
2021-05-03,0.0061250079183
2021-05-04,-0.0020334713513435
2021-05-05,-0.0035813084776222
2021-05-06,0.0069464117412932
2021-05-07,0.0025056365419382
2021-05-10,0.0077962919770636
2021-05-11,-0.0122696497032511
2021-05-12,-0.0092915027235552
2021-05-13,0.0136764398634308
2021-05-14,0.0047565808641909
2021-05-17,-0.000439411285813
2021-05-18,-0.0041297811075276
2021-05-19,-0.0036608288534608
2021-05-20,0.0064738877853485
2021-05-21,0.0030713726871228
2021-05-24,-0.0051415096700488
2021-05-25,-0.0035479105858345
2021-05-26,0.0014608102797587
2021-05-27,-0.0034831387416413
2021-05-28,0.0026371717606627
2021-06-01,-0.0036251077623239
2021-06-02,0.0072829260282938
2021-06-03,0.0024628774703157
2021-06-04,0.0007965070129338
2021-06-07,0.0044916917722846
2021-06-08,-0.0003917323013451
2021-06-09,0.0007079607882975
2021-06-10,0.0048901658876162
2021-06-11,-0.0018674354080883
2021-06-14,-0.0001662097225569
2021-06-15,-0.0036007974548236
2021-06-16,-0.0087561017072148
2021-06-17,-0.0002916759534215
2021-06-18,-0.0128817114538856
2021-06-21,0.0097064238033695
2021-06-22,0.0005025055283272
2021-06-23,-0.0153041524259974
2021-06-24,0.0001626593470862
2021-06-25,0.0094468090295608
2021-06-28,0.0001220777153365
2021-06-29,-2.47581200290396e-05
2021-06-30,0.002357166410541
2021-07-01,0.0026934431295342
2021-07-02,0.0043856015259466
2021-07-06,-0.0003282597920512
2021-07-07,0.0066028692729024
2021-07-08,-0.0049141630265183
2021-07-09,0.0038178141241164
2021-07-12,-0.0002498284885935
2021-07-13,-0.003591081933256
2021-07-14,0.0044500320742768
2021-07-15,0.0028630056032484
2021-07-16,0.0022216679747542
2021-07-19,-0.008322306980744
2021-07-20,0.0079451861562387
2021-07-21,-0.0035346469109623
2021-07-22,0.0017111618504176
2021-07-23,0.010898683393355
2021-07-26,-0.0023049149885726
2021-07-27,0.0034537922715773
2021-07-28,-0.0033730727616901
2021-07-29,0.0026002704677458
2021-07-30,-0.0019734940764092
2021-08-02,0.000951657747891
2021-08-03,0.0017050049194116
2021-08-04,-0.0038500509703159
2021-08-05,0.0005370526929016
2021-08-06,-0.0002192692382852
2021-08-09,-0.0003754355245235
2021-08-10,-0.0025008322529239
2021-08-11,0.0028973434711224
2021-08-12,-0.0003944185275907
2021-08-13,0.0045279843737108
2021-08-16,0.005728623902158
2021-08-17,0.0021542159343847
2021-08-18,-0.0133019920759466
2021-08-19,0.0027357300786282
2021-08-20,0.0073929718667083
2021-08-23,-0.0017861979283402
2021-08-24,-0.0007040996815179
2021-08-25,0.0002766552529695
2021-08-26,-0.0050645050885226
2021-08-27,0.0035839172521042
2021-08-30,0.0035946428198721
2021-08-31,0.0033539003251969
2021-09-01,0.0049812573505186
2021-09-02,0.0062244540944364
2021-09-03,-0.0023539875647231
2021-09-07,-0.0116039213069802
2021-09-08,0.0072288834685733
2021-09-09,-0.0085339407514214
2021-09-10,-0.0078346373339194
2021-09-13,0.0013225101575869
2021-09-14,-0.00520259969033
2021-09-15,0.0021106710266361
2021-09-16,-0.0030820270279785
2021-09-17,-0.0063175763524863
2021-09-20,-0.0086043536892168
2021-09-21,-0.0018644420217671
2021-09-22,0.0021801392420346
2021-09-23,0.0034208850277613
2021-09-24,-3.984977874259884e-05
2021-09-27,-0.0067726406489245
2021-09-28,-0.0147766424594449
2021-09-29,0.0070601434059686
2021-09-30,-0.0113267589974812
2021-10-01,0.0041747869242619
2021-10-04,-0.0072694677433512
2021-10-05,0.0039349223879016
2021-10-06,0.0048239825983605
2021-10-07,0.0050909152359789
2021-10-08,-0.0034063933284104
2021-10-11,-0.0072595097378353
2021-10-12,-0.0013487367141694
2021-10-13,0.005146780557506
2021-10-14,0.0153821867577193
2021-10-15,0.0005163634813067
2021-10-18,0.0004913999171909
2021-10-19,0.0073055426121273
2021-10-20,0.0054952807222422
2021-10-21,0.0029314772059261
2021-10-22,0.0012008001345425
2021-10-25,-0.0007728456117656
2021-10-26,0.0001057120779359
2021-10-27,-0.008400606092035
2021-10-28,0.0071409762755123
2021-10-29,9.433442843322032e-05
2021-11-01,0.0039902359059285
2021-11-02,-0.0008144020026663
2021-11-03,0.0072137570348167
2021-11-04,0.0007112784519759
2021-11-05,-0.0017835080956049
2021-11-08,-0.000244715696668
2021-11-09,0.0008156662593242
2021-11-10,-0.0005318963560335
2021-11-11,0.0002893177778615
2021-11-12,0.0048924604436999
2021-11-15,0.0026132589066333
2021-11-16,0.0004707526206309
2021-11-17,-0.0024498293555959
2021-11-18,-0.0062258822229882
2021-11-19,-0.0001108598966202
2021-11-22,-0.0013466310025843
2021-11-23,-0.0017488705896438
2021-11-24,0.0004811249878195
2021-11-26,-0.0129954143565149
2021-11-29,0.0037656715098619
2021-11-30,-0.0193399942239268
2021-12-01,-0.0093846972952022
2021-12-02,0.0172509712720753
2021-12-03,0.0009502292675393
2021-12-06,0.0102542274199121
2021-12-07,0.0108109196126023
2021-12-08,0.0043103011941524
2021-12-09,-0.0055005767060616
2021-12-10,0.0060590297562751
2021-12-13,0.0031292503722781
2021-12-14,-0.0053899803898482
2021-12-15,0.0131920279366506
2021-12-16,0.0016376165610676
2021-12-17,-0.0083871776477643
2021-12-20,-0.0073945723154153
2021-12-21,0.0064902814698634
2021-12-22,0.0059888729620376
2021-12-23,0.0045938848822114
2021-12-27,0.0094359710536684
2021-12-28,0.0037089573027407
2021-12-29,0.0040777691607971
2021-12-30,-0.0007200641946753
2021-12-31,-0.0010405148818316
2022-01-03,-0.0031301607717419
2022-01-04,-0.0009976337603767
2022-01-05,-0.0128406867318185
2022-01-06,-0.0032902208472359
2022-01-07,-0.0008186226878832
2022-01-10,-0.0033261632595452
2022-01-11,0.003052656178519
2022-01-12,4.349733821802358e-05
2022-01-13,-0.0058656215616514
2022-01-14,-0.0052495840133188
2022-01-18,-0.0129432336049793
2022-01-19,-0.000501930916592
2022-01-20,-0.0072139949199353
2022-01-21,-0.0081470613428899
2022-01-24,-0.0008533012041897
2022-01-25,-0.0158916179883809
2022-01-26,-0.0103571812264307
2022-01-27,-0.0012485812770087
2022-01-28,0.02075914765534
2022-01-31,0.0134708255224094
2022-02-01,-0.0006257738596257
2022-02-02,0.0062398304839805
2022-02-03,-0.0106350134093056
2022-02-04,-0.0049050248595888
2022-02-07,-0.0018032706520085
2022-02-08,0.0053572432842963
2022-02-09,0.0123937765486138
2022-02-10,-0.0189921094549726
2022-02-11,-0.0073228783959912
2022-02-14,-0.005886424050052
2022-02-15,0.0082411337862653
2022-02-16,-0.0014404855598561
2022-02-17,-0.0114071354273971
2022-02-18,-0.0028946539581473
2022-02-22,-0.005172954570972
2022-02-23,-0.0146348306710001
2022-02-24,0.0082409206949059
2022-02-25,0.022480377887442
2022-02-28,-0.0061713962640087
2022-03-01,-0.0075738745775651
2022-03-02,0.0138408833706616
2022-03-03,0.002523448117069
2022-03-04,0.0009917505310204
2022-03-07,-0.0183002972941819
2022-03-08,-0.0184761456404595
2022-03-09,0.0161731822694441
2022-03-10,-0.0075361886479392
2022-03-11,-0.0110297858735854
2022-03-14,-0.0029112332673402
2022-03-15,0.0162757840662493
2022-03-16,0.0115403304672443
2022-03-17,0.0101295036947744
2022-03-18,0.0067046765114047
2022-03-21,-0.0015221349531618
2022-03-22,0.0072227856257714
2022-03-23,-0.0108185346392415
2022-03-24,0.0088800687105627
2022-03-25,0.0074216517563291
2022-03-28,0.0081832267178993
2022-03-29,0.0109915178013217
2022-03-30,-0.0021413151980676
2022-03-31,-0.0093279435888507
2022-04-01,0.0086774786323733
2022-04-04,-0.0020684641677466
2022-04-05,-0.00425466265807
2022-04-06,0.0052115161715211
2022-04-07,0.0050164334288755
2022-04-08,0.0006303440504872
2022-04-11,-0.0091863930533081
2022-04-12,-0.0060063320862319
2022-04-13,0.00565798852217
2022-04-14,-0.0033903580983792
2022-04-18,-0.0058718710289215
2022-04-19,0.0096886354965198
2022-04-20,0.0094335615648948
2022-04-21,-0.0065298570456649
2022-04-22,-0.0232747705226721
2022-04-25,-0.0013819212933129
2022-04-26,-0.0150447233382087
2022-04-27,0.0004789120216459
2022-04-28,0.0098920316731871
2022-04-29,-0.0291705356597442
2022-05-02,-0.0074070350616246
2022-05-03,0.0050257002474081
2022-05-04,0.023104632082697
2022-05-05,-0.0201935733933328
2022-05-06,-0.0011236978474465
2022-05-09,-0.0163301286480371
2022-05-10,-0.0045597327304157
2022-05-11,-0.0005310164312516
2022-05-12,0.0022547299815259
2022-05-13,0.0135061991014472
2022-05-16,0.0019676809864655
2022-05-17,0.009822259646504
2022-05-18,-0.0297896141924802
2022-05-19,-0.0031030961399645
2022-05-20,0.0061008447404325
2022-05-23,0.0121142197197277
2022-05-24,0.0108998225274005
2022-05-25,-0.0005450861117991
2022-05-26,0.0058504084775629
2022-05-27,0.0161250447868398
2022-05-31,-0.0093180575765915
2022-06-01,-0.0077139610352517
2022-06-02,0.0093525895865292
2022-06-03,-0.0090173961136223
2022-06-06,-0.0008053280754113
2022-06-07,0.0076182418522931
2022-06-08,-0.0127423720238889
2022-06-09,-0.0181874029322199
2022-06-10,-0.0133074509988609
2022-06-13,-0.0308503168458552
2022-06-14,-0.011882576465345
2022-06-15,0.0060302438694064
2022-06-16,-0.016694776847886
2022-06-17,-0.0027287702980391
2022-06-21,0.0185238554272941
2022-06-22,0.0044654314413788
2022-06-23,0.0145679271647738
2022-06-24,0.0198322015159768
2022-06-27,0.0016695750798345
2022-06-28,-0.0138744361714908
2022-06-29,0.0058503639573293
2022-06-30,0.0002443091438251
2022-07-01,0.0157285077859946
2022-07-05,-0.0110984846650648
2022-07-06,0.0087620268679341
2022-07-07,0.0016801481735887
2022-07-08,-0.0028439686965013
2022-07-11,-0.0015044817469875
2022-07-12,-0.0094536318356613
2022-07-13,-0.0038101016486218
2022-07-14,-0.0023242095577507
2022-07-15,0.0124317129476983
2022-07-18,-0.0129014340330401
2022-07-19,0.0125044068497252
2022-07-20,-0.009582194203093
2022-07-21,0.0071504318368463
2022-07-22,0.0049181747876295
2022-07-25,0.0040373482717356
2022-07-26,0.0071245064088163
2022-07-27,0.0002882004904152
2022-07-28,0.0122443977031404
2022-07-29,0.0058595456436278
2022-08-01,-0.0030834527719041
2022-08-02,-0.0102276062150909
2022-08-03,0.0031866738062304
2022-08-04,-0.0043956326595291
2022-08-05,0.0010431571757338
2022-08-08,0.0021265569624297
2022-08-09,0.008888114657652
2022-08-10,0.0077913355318549
2022-08-11,-0.0012153803822489
2022-08-12,0.0119021094143032
2022-08-15,0.0053754105097098
2022-08-16,0.0040893432523047
2022-08-17,0.0003153469606468
2022-08-18,0.0010388800365608
2022-08-19,0.000650498157044
2022-08-22,-0.0117528602037905
2022-08-23,-0.0085372464186033
2022-08-24,-0.0002578218672095
2022-08-25,0.0063937046616863
2022-08-26,-0.0203887633175245
2022-08-29,-0.0024275929077971
2022-08-30,-0.0104310146167629
2022-08-31,-0.0035449556420554
2022-09-01,0.0087647893204695
2022-09-02,-0.0110418268623928
2022-09-06,-0.0010224969007873
2022-09-07,0.0181329772778566
2022-09-08,0.0017440347022251
2022-09-09,0.0052881608785734
2022-09-12,0.0056777549482778
2022-09-13,-0.0270076797690035
2022-09-14,-0.0010590802040376
2022-09-15,-0.0115839656325719
2022-09-16,-0.0035559650241274
2022-09-19,0.0038637721632846
2022-09-20,-0.0113524807251389
2022-09-21,-0.0085048116641098
2022-09-22,-0.0007596684977612
2022-09-23,-0.0111547722814945
2022-09-26,-0.0138561331544385
2022-09-27,-0.0110783909289956
2022-09-28,0.0159578861780055
2022-09-29,-0.0134974341870867
2022-09-30,-0.0064082050484934
2022-10-03,0.0235048902790522
2022-10-04,0.0149087595416156
2022-10-05,-0.007830678201644
2022-10-06,-0.0179408986674125
2022-10-07,-0.0177719029056795
2022-10-10,0.005149307943681
2022-10-11,0.0039182804112886
2022-10-12,-0.012667187437439
2022-10-13,0.0249751753901135
2022-10-14,-0.0142285397603095
2022-10-17,0.0144410176181658
2022-10-18,0.0117972158048566
2022-10-19,-0.0073259679005929
2022-10-20,-0.0146010201617652
2022-10-21,0.0142732939441856
2022-10-24,0.0118227467725782
2022-10-25,0.0091517100294917
2022-10-26,0.0019796938417393
2022-10-27,0.0058014561050234
2022-10-28,0.0196328917426729
2022-10-31,-0.0026953430220759
2022-11-01,0.0005938240434341
2022-11-02,-0.0105988363322767
2022-11-03,-0.0048498626542152
2022-11-04,0.004555602872262
2022-11-07,0.0051918488006597
2022-11-08,0.0032341738696633
2022-11-09,-0.0049422386341453
2022-11-10,0.0198479887923606
2022-11-11,-0.0178826627593726
2022-11-14,-0.0054691108533284
2022-11-15,0.0009930745433635
2022-11-16,0.0091937853788819
2022-11-17,-0.0019938075350477
2022-11-18,0.0139708184589132
2022-11-21,0.0085474918898019
2022-11-22,0.004845469133007
2022-11-23,0.0017845915536054
2022-11-25,0.0063558853287402
2022-11-28,-0.0084201582374119
2022-11-29,-0.0014797507635673
2022-11-30,0.0168794911924149
2022-12-01,0.0002313090109675
2022-12-02,0.0025426692573496
2022-12-05,-0.0099907740785396
2022-12-06,-0.0064165432574999
2022-12-07,0.0023741563035716
2022-12-08,0.0032735717448715
2022-12-09,-0.0058822454189939
2022-12-12,0.0089565049729703
2022-12-13,0.0003986418367439
2022-12-14,-0.0023703442084001
2022-12-15,-0.0122824694851865
2022-12-16,-0.0092080936538732
2022-12-19,-0.000638329585859
2022-12-20,-0.0004127096688139
2022-12-21,0.010920225852526
2022-12-22,0.0019835717230997
2022-12-23,0.006014310691893
2022-12-27,0.0057074084455444
2022-12-28,-0.0098997533185279
2022-12-29,0.0040537579841349
2022-12-30,-0.0065848849163978
2023-01-03,0.0042334889843754
2023-01-04,0.0011073938421929
2023-01-05,-0.0118997197398196
2023-01-06,0.0185718528235695
2023-01-09,-0.0108692299017365
2023-01-10,-8.843390222324464e-05
2023-01-11,0.0056821945842991
2023-01-12,-0.0075262371110354
2023-01-13,-5.056505536584152e-06
2023-01-17,-0.0056701597167256
2023-01-18,-0.0174670525843476
2023-01-19,-0.0021941366178491
2023-01-20,0.0051998354086938
2023-01-23,-0.0029077173639952
2023-01-24,0.0035773433553803
2023-01-25,0.0022699483935646
2023-01-26,0.0012780252736376
2023-01-27,-0.0051309756027551
2023-01-30,6.819404754420267e-05
2023-01-31,0.0093492182286919
2023-02-01,-0.004597195655362
2023-02-02,-0.0069022656869925
2023-02-03,-0.0053317587331859
2023-02-06,0.0004366989439855
2023-02-07,0.0002591715385322
2023-02-08,-0.0018618435278585
2023-02-09,-0.0083636412276561
2023-02-10,0.0150861608796884
2023-02-13,0.0045269815753025
2023-02-14,-0.0125694816311873
2023-02-15,-0.0004303940404242
2023-02-16,-0.0020213135529518
2023-02-17,0.0098982958931266
2023-02-21,-0.0077807738760564
2023-02-22,-0.0033996743746074
2023-02-23,-0.0014197317363625
2023-02-24,-0.0024658592111093
2023-02-27,-0.0052375066097107
2023-02-28,-0.0082634463430079
2023-03-01,-0.005310274253998
2023-03-02,0.0050040305979527
2023-03-03,0.005074507300959
2023-03-06,0.0012199766691834
2023-03-07,-0.0140737010669948
2023-03-08,-0.0007525610552639
2023-03-09,-0.008955548141743
2023-03-10,-0.011490347886864
2023-03-13,-0.0007317742415193
2023-03-14,0.0088912009185043
2023-03-15,-0.0048992474910144
2023-03-16,0.0040989306091201
2023-03-17,-0.013981067669808
2023-03-20,0.0162664186212575
2023-03-21,-0.0011136045799677
2023-03-22,-0.0201873163307721
2023-03-23,-0.0083993196142148
2023-03-24,0.0198702994283473
2023-03-27,0.0095359312838831
2023-03-28,0.0024480273843367
2023-03-29,0.0068747702845594
2023-03-30,0.0029804465205331
2023-03-31,0.0097042589553623
2023-04-03,0.004980437851022
2023-04-04,-0.00276389354704
2023-04-05,0.0138611567423162
2023-04-06,0.002569942803684
2023-04-10,-0.0014911628098458
2023-04-11,0.0039944190706946
2023-04-12,0.0033686914851703
2023-04-13,0.0033014014425462
2023-04-14,-0.0059892161705937
2023-04-17,0.0074500202504421
2023-04-18,-0.0024697926372893
2023-04-19,-0.0006910543429193
2023-04-20,0.0035134314718276
2023-04-21,0.0013463843044264
2023-04-24,0.002749726383557
2023-04-25,0.0016823177058429
2023-04-26,-0.0107214924910085
2023-04-27,0.0135094867163988
2023-04-28,0.0026968327894997
2023-05-01,0.0028376794705028
2023-05-02,-0.0112689423005279
2023-05-03,-0.0059092732745633
2023-05-04,-0.0028362134726641
2023-05-05,0.0083622773080604
2023-05-08,-0.0032464914599445
2023-05-09,-0.0014760707151696
2023-05-10,0.0015686702556247
2023-05-11,-0.0028903011297175
2023-05-12,0.0051755839911877
2023-05-15,-0.0055580933531051
2023-05-16,-0.0107407454241671
2023-05-17,-0.0020573040227872
2023-05-18,-0.0040027691380992
2023-05-19,0.0041797823723611
2023-05-22,-0.0084567435084193
2023-05-23,-0.0073780588118573
2023-05-24,-0.0073159813797186
2023-05-25,-0.012339547595965
2023-05-26,-0.0045184005389323
2023-05-30,-0.0050559519940607
2023-05-31,0.0011106471808514
2023-06-01,0.0015567345415152
2023-06-02,0.0137274217180249
2023-06-05,-0.0005856548613606
2023-06-06,-0.0075743288806272
2023-06-07,0.0058562475554231
2023-06-08,0.0034232121433732
2023-06-09,-0.0018006043463321
2023-06-12,-0.0030687730315835
2023-06-13,0.0005981412642859
2023-06-14,-0.0021918419842691
2023-06-15,0.0109150451826044
2023-06-16,0.0045086198677628
2023-06-20,-0.0108754228159764
2023-06-21,0.0049881878523782
2023-06-22,-0.0008549330827394
2023-06-23,-0.0080833097549822
2023-06-26,0.0063205717852591
2023-06-27,-0.001606839600985
2023-06-28,-0.0085540366261947
2023-06-29,0.0077505542479784
2023-06-30,0.0075723139476434
2023-07-03,0.000171728017146
2023-07-05,0.0013320524750299
2023-07-06,-0.0021656566874221
2023-07-07,-0.0066064324148392
2023-07-10,-0.0023451728947493
2023-07-11,0.0062397161001579
2023-07-12,0.0004358835897395
2023-07-13,0.0004749136167374
2023-07-14,0.002808912307978
2023-07-17,-0.0050873928549257
2023-07-18,-0.0013650043383651
2023-07-19,0.0060146507735409
2023-07-20,0.0151705751203575
2023-07-21,0.0063582355235511
2023-07-24,-0.0005269885948758
2023-07-25,0.0017160576486669
2023-07-26,-0.0030893092367341
2023-07-27,-0.0120158379601987
2023-07-28,-0.0018248065210552
2023-07-31,-0.0035297966530003
2023-08-01,-0.0001978296682637
2023-08-02,0.0071204535819465
2023-08-03,-0.0028775562997309
2023-08-04,-0.0075775648222809
2023-08-07,0.0049090481235149
2023-08-08,-0.0039237048066917
2023-08-09,0.0073984908628116
2023-08-10,-0.0022588544258342
2023-08-11,0.007858995580557
2023-08-14,-0.0023121368294136
2023-08-15,-0.0084438909504032
2023-08-16,0.0030131822955734
2023-08-17,-0.001606463340775
2023-08-18,-0.0027102656397523
2023-08-21,-0.0032396870787841
2023-08-22,0.001431692694255
2023-08-23,0.0011366694514679
2023-08-24,-0.002682802623204
2023-08-25,0.0055855232523596
2023-08-28,0.000352605284174
2023-08-29,0.0019940458035283
2023-08-30,0.0031438478686361
2023-08-31,-0.0084144239229207
2023-09-01,-0.0025698274706697
2023-09-05,-0.0101956031267413
2023-09-06,-0.0003887824446798
2023-09-07,0.0083277225446082
2023-09-08,0.0005533012788398
2023-09-11,0.0030515365591148
2023-09-12,-0.0028064444551923
2023-09-13,0.0029762710516485
2023-09-14,0.0055270816661099
2023-09-15,-0.0050516072102437
2023-09-18,0.0041479748300878
2023-09-19,-0.0019493512294353
2023-09-20,0.0039532523230703
2023-09-21,-0.0087640187072055
2023-09-22,-0.0015724333019775
2023-09-25,-0.0002652273846597
2023-09-26,-0.0102820749386198
2023-09-27,-0.0065190847182831
2023-09-28,-0.0002948684326192
2023-09-29,-0.0065046014078049
2023-10-02,-0.0115897252478993
2023-10-03,-0.0005646111737617
2023-10-04,0.0053292857574161
2023-10-05,-0.0021379273127307
2023-10-06,0.0023210334784322
2023-10-09,0.0116633781712342
2023-10-10,0.0061489443047804
2023-10-11,-0.0037631587854009
2023-10-12,-0.0104188625956122
2023-10-13,0.0116651454142396
2023-10-16,0.0083097896175688
2023-10-17,-0.0015503063307415
2023-10-18,-0.0043037300949624
2023-10-19,-0.0055421556358371
2023-10-20,-0.0059806111585829
2023-10-23,-0.0072581098177237
2023-10-24,0.007842774308917
2023-10-25,0.0024506539851557
2023-10-26,-0.0025545934084803
2023-10-27,-0.0104431150686966
2023-10-30,0.0077559795923185
2023-10-31,0.0095805308448517
2023-11-01,0.0059671137142877
2023-11-02,0.0075292062187581
2023-11-03,0.0026297520412502
2023-11-06,0.000808683571121
2023-11-07,-0.0036817203288263
2023-11-08,-0.0011003516213033
2023-11-09,-0.0021342052497696
2023-11-10,0.0048918009843578
2023-11-13,0.004289385197179
2023-11-14,0.0079763921560035
2023-11-15,-0.0034339930060722
2023-11-16,0.0022029426715889
2023-11-17,-0.0013341344020436
2023-11-20,0.0015042255205495
2023-11-21,0.0063364423842485
2023-11-22,0.005853860116567
2023-11-24,0.0037032633307389
2023-11-27,-0.0028504168531786
2023-11-28,-0.0031352772317957
2023-11-29,-0.0061202916872966
2023-11-30,0.0129684028073519
2023-12-01,0.003432457923603
2023-12-04,0.0007143272266824
2023-12-05,-0.0034565540865473
2023-12-06,0.0017742986584234
2023-12-07,-0.0006610859068161
2023-12-08,-0.0023718564309216
2023-12-11,0.0092927160497571
2023-12-12,0.0057359327553175
2023-12-13,0.0121243779297623
2023-12-14,-0.0154297893630965
2023-12-15,-0.0075727291351221
2023-12-18,0.0050623913384928
2023-12-19,0.0032420274740058
2023-12-20,-0.0099670953084145
2023-12-21,0.0058699893815481
2023-12-22,0.0066389031346145
2023-12-26,0.0054894701509902
2023-12-27,-0.0002003588274164
2023-12-28,0.0023768380332684
2023-12-29,0.0041044310505971
2024-01-02,0.0102496918406165
2024-01-03,-0.0017345683425523
2024-01-04,-0.0017051194730255
2024-01-05,-0.0014350109829911
2024-01-08,0.0048593967197989
2024-01-09,-0.001290018836516
2024-01-10,-0.0009376281535087
2024-01-11,-0.0014680746402994
2024-01-12,0.0053229993016002
2024-01-16,-0.0039768616721687
2024-01-17,-0.0027813622090215
2024-01-18,0.0024732850276741
2024-01-19,0.0008752403202913
2024-01-22,-0.0004081998437186
2024-01-23,0.0036982727835846
2024-01-24,-0.0069719508293971
2024-01-25,0.0050872495739834
2024-01-26,0.0027949354533414
2024-01-29,0.0016112168414733
2024-01-30,0.004307913544503
2024-01-31,-0.0045710937617864
2024-02-01,0.01286895629065
2024-02-02,-0.0033990718706962
2024-02-05,-0.0076539557784373
2024-02-06,0.0021458545363021
2024-02-07,0.0029460792380419
2024-02-08,-0.0035453393310892
2024-02-09,0.0001019149723777
2024-02-12,-0.0006427151325966
2024-02-13,-0.0042268000859746
2024-02-14,0.0023766686349157
2024-02-15,0.0074444600461363
2024-02-16,0.001166630125278
2024-02-20,0.0023774630388316
2024-02-21,0.0081195046076758
2024-02-22,0.0074326850600201
2024-02-23,0.0066794100246617
2024-02-26,-0.0060545356166704
2024-02-27,-0.0019181253659729
2024-02-28,0.0032648706139484
2024-02-29,-0.0015951638630038
2024-03-01,0.0021409570770297
2024-03-04,0.0025762650812837
2024-03-05,-0.004079368211162
2024-03-06,0.0071397284765904
2024-03-07,0.0035661239878869
2024-03-08,0.0010825712152261
2024-03-11,0.0073389200946387
2024-03-12,0.001849572735563
2024-03-13,0.0009661627052655
2024-03-14,-0.0011966664135382
2024-03-15,-0.0012169957455242
2024-03-18,0.0034558116428638
2024-03-19,0.0059946026754858
2024-03-20,-0.0014390121827958
2024-03-21,0.0027796682121031
2024-03-22,-0.0006557342374142
2024-03-25,-0.0033501854111106
2024-03-26,8.036671351818335e-05
2024-03-27,0.0097306735894191
2024-03-28,0.0014819361937779
2024-04-01,-0.0033053386070116
2024-04-02,-0.0031672628444725
2024-04-03,-0.0051138382683915
2024-04-04,-0.0077895489785014
2024-04-05,0.0053699508709892
2024-04-08,-0.0006944677821024
2024-04-09,0.0015164561905178
2024-04-10,-0.0073157349221336
2024-04-11,-0.0069933769792554
2024-04-12,-0.0101636977428753
2024-04-15,-0.0050301807758065
2024-04-16,-0.0019402920343965
2024-04-17,0.0004789849561437
2024-04-18,0.0010322708116141
2024-04-19,0.0079716994563711
2024-04-22,0.0043257771789747
2024-04-23,0.0031509187120133
2024-04-24,0.002521524444748
2024-04-25,-0.0011411139477336
2024-04-26,-0.0024549845306801
2024-04-29,0.005071643334282
2024-04-30,-0.0084695476146683
2024-05-01,-0.0007437608035222
2024-05-02,0.0004749497304681
2024-05-03,0.0040363166043431
2024-05-06,0.003715588068974
2024-05-07,0.0098951034627503
2024-05-08,-0.0002602923947912
2024-05-09,0.0069842937517991
2024-05-10,0.0040604117969716
2024-05-13,-0.0026455120378803
2024-05-14,-0.00264641689958
2024-05-15,0.0061802676613587
2024-05-16,0.0044743337283605
2024-05-17,0.00333346300082
2024-05-20,-0.0021155602565744
2024-05-21,-0.0011608823273935
2024-05-22,-0.0015646277371327
2024-05-23,-0.0101988372398882
2024-05-24,0.0019184912207166
2024-05-28,-0.0093722402466206
2024-05-29,-0.0090683495270795
2024-05-30,0.0040023920300442
2024-05-31,0.0138188372265018
2024-06-03,-0.0042921327404244
2024-06-04,0.0036144002167067
2024-06-05,5.9568063400396826e-05
2024-06-06,0.0004375006122725
2024-06-07,-0.0006919499598892
2024-06-10,0.0012363054597322
2024-06-11,-0.0016701838825401
2024-06-12,-0.003489690855369
2024-06-13,-0.0010702411215737
2024-06-14,0.0006970660846321
2024-06-17,0.0072202597347061
2024-06-18,0.0006934234054607
2024-06-20,0.00371147263382
2024-06-21,0.0010690720015945
2024-06-24,0.0048204639279227
2024-06-25,-0.0046552425846493
2024-06-26,-0.0032691674208173
2024-06-27,-0.0010673257282868
2024-06-28,-0.0046194242441148
2024-07-01,-0.0039014393330469
2024-07-02,0.0025705005046391
2024-07-03,-0.0022686577910359
2024-07-05,0.002702484612225
2024-07-08,-0.0027772160950446
2024-07-09,-0.0028039591361662
2024-07-10,0.006572477696148
2024-07-11,0.0039440057596347
2024-07-12,0.006012446718602
2024-07-15,0.0007788093580208
2024-07-16,0.0104381659134584
2024-07-17,0.0060237916155442
2024-07-18,-0.0062362390326925
2024-07-19,-0.0069566609478951
2024-07-22,0.0033468234772275
2024-07-23,-0.0066740097258809
2024-07-24,-0.0020982520101886
2024-07-25,-0.0008716135992942
2024-07-26,0.0077785775682905
2024-07-29,0.0017925983136839
2024-07-30,0.0052468214522129
2024-07-31,1.3168107914504298e-05
2024-08-01,0.0015345347316114
2024-08-02,-0.0033886817542544
2024-08-05,-0.0221505565604593
2024-08-06,0.0006026224470767
2024-08-07,-0.0033322110347717
2024-08-08,0.0119283729182329
2024-08-09,0.0033919967630767
2024-08-12,-0.0015225192602712
2024-08-13,0.0053826629184153
2024-08-14,0.0048941492980203
2024-08-15,0.0072972367931205
2024-08-16,0.0030175911759895
2024-08-19,0.004400112975744
2024-08-20,-0.0022686956717442
2024-08-21,0.0058981347279641
2024-08-22,0.0003004391650764
2024-08-23,0.0025023079294435
2024-08-26,0.0040261764674255
2024-08-27,0.0030882497301275
2024-08-28,0.0010212544527206
2024-08-29,0.0034144138833171
2024-08-30,0.0067785337234567
2024-09-03,-0.0032509807610032
2024-09-04,-0.001102147794616
2024-09-05,-0.0056837292456529
2024-09-06,-0.0073615329380013
2024-09-09,0.0086641716097932
2024-09-10,-0.0008493710710466
2024-09-11,-0.0050717871278983
2024-09-12,0.0041784298149561
2024-09-13,0.0032932774487582
2024-09-16,0.0077960349109643
2024-09-17,-0.0025621824380771
2024-09-18,-0.004352010052348
2024-09-19,0.004461344804302
2024-09-20,-0.0011387608173555
2024-09-23,0.0056821591331819
2024-09-24,-0.0016872317109829
2024-09-25,-0.0036811911956946
2024-09-26,0.0035363054215484
2024-09-27,0.0018553163762968
2024-09-30,0.0020798160240492
2024-10-01,0.0009832290318616
2024-10-02,-0.0030934495041595
2024-10-03,-0.0047099235413406
2024-10-04,0.0045854413380204
2024-10-07,-0.0108572056337824
2024-10-08,0.0035404448880807
2024-10-09,0.0054736848491756
2024-10-10,-0.0014460508383124
2024-10-11,0.0062890888431267
2024-10-14,0.0068244775762017
2024-10-15,-0.0038903776884901
2024-10-16,0.0028890417477082
2024-10-17,-0.0022488747572521
2024-10-18,0.0016346917010564
2024-10-21,-0.0049996966352946
2024-10-22,-0.0025056878975537
2024-10-23,4.137023848404587e-05
2024-10-24,-0.0007034119914136
2024-10-25,-0.0089624422147817
2024-10-28,-2.2503829765736157e-05
2024-10-29,-0.0052974657801876
2024-10-30,-0.0011789956359069
2024-10-31,-0.0047065570771131
2024-11-01,-0.0003800842259153
2024-11-04,0.0019491367673742
2024-11-05,0.0051409191836504
2024-11-06,0.0140217127354911
2024-11-07,-0.0033669885034183
2024-11-08,0.0064164327924044
2024-11-11,0.0032263613695849
2024-11-12,0.0005404035510701
2024-11-13,0.0032167551378166
2024-11-14,-0.0075631375614013
2024-11-15,-0.006700763650117
2024-11-18,0.0072894650066993
2024-11-19,-0.0062006788113873
2024-11-20,0.007206586031956
2024-11-21,0.0105885591535833
2024-11-22,0.0038436658159127
2024-11-25,0.0037005207992671
2024-11-26,0.0036846838732477
2024-11-27,0.0019634681957752
2024-11-29,0.0029242433623969
2024-12-02,-0.0062928260916293
2024-12-03,-0.0031777377840705
2024-12-04,-0.0009580372231014
2024-12-05,-0.0051046294738242
2024-12-06,-0.0067518887690062
2024-12-09,-0.0009596414703993
2024-12-10,-0.0017754680797897
2024-12-11,-0.0034874533887189
2024-12-12,-0.0012594692734106
2024-12-13,-0.0040787284122855
2024-12-16,-0.0071137517729357
2024-12-17,-0.0044607815544947
2024-12-18,-0.0187955323892959
2024-12-19,-0.0034246158502587
2024-12-20,0.008873640113163
2024-12-23,0.0023710616628699
2024-12-24,0.0062012465924601
2024-12-26,3.3788161546465586e-05
2024-12-27,-0.0028548619386168
2024-12-30,-0.008438420578912
2024-12-31,0.0043175813841804
